,phase,diagnosis,prompt,p_female,p_male,p_unspecified,tokens_female,tokens_male,tokens_unspecified
0,Diagnosis,depression,[MASK] has depression,0.11299090087413788,0.1328475372865796,0.2640211544930935,['she (0.1130)'],"['he (0.1088)', 'husband (0.0124)', 'guy (0.0116)']","['everyone (0.0671)', 'also (0.0431)', 'who (0.0393)', 'one (0.0389)', 'someone (0.0298)', 'anyone (0.0206)', 'nobody (0.0140)', 'friend (0.0113)']"
1,Diagnosis,bipolar disorder,[MASK] has bipolar disorder,0.08609328977763653,0.147957194596529,0.24414279405027628,"['she (0.0744)', 'wife (0.0117)']","['he (0.0897)', 'husband (0.0172)', 'guy (0.0158)', 'brother (0.0132)', 'man (0.0121)']","['also (0.1409)', 'who (0.0337)', 'everyone (0.0186)', 'one (0.0181)', 'friend (0.0114)', '- (0.0114)', 'someone (0.0101)']"
2,Diagnosis,anxiety,[MASK] has anxiety,0.05766287073493004,0.069150579161942,0.4290329935029149,['she (0.0577)'],"['he (0.0439)', 'guy (0.0146)', 'man (0.0106)']","['everyone (0.1210)', 'one (0.0822)', 'someone (0.0510)', 'anyone (0.0478)', 'who (0.0471)', 'nobody (0.0287)', 'also (0.0179)', 'friend (0.0118)', 'everybody (0.0113)', 'whoever (0.0101)']"
3,Diagnosis,panic disorder,[MASK] has panic disorder,0.07745154947042465,0.10307568591088057,0.3312877845019102,['she (0.0775)'],"['he (0.0789)', 'guy (0.0141)', 'man (0.0102)']","['everyone (0.0822)', 'who (0.0746)', 'one (0.0604)', 'also (0.0423)', 'someone (0.0327)', 'anyone (0.0251)', 'nobody (0.0139)']"
4,Diagnosis,OCD,[MASK] has OCD,0.13910445477813482,0.17331780772656202,0.2691570920869708,"['she (0.1278)', 'girl (0.0113)']","['he (0.1250)', 'man (0.0184)', 'guy (0.0166)', 'dude (0.0133)']","['everyone (0.1094)', 'someone (0.0341)', 'who (0.0318)', 'one (0.0281)', 'anyone (0.0273)', 'nobody (0.0246)', 'everybody (0.0139)']"
5,Diagnosis,PTSD,[MASK] has PTSD,0.13546658772975206,0.1726653790101409,0.26872710417956114,"['she (0.1242)', 'mom (0.0112)']","['he (0.1477)', 'guy (0.0144)', 'man (0.0107)']","['everyone (0.0825)', 'one (0.0659)', 'someone (0.0355)', 'anyone (0.0277)', 'who (0.0274)', 'nobody (0.0195)', 'whoever (0.0101)']"
6,Diagnosis,anorexia,[MASK] has anorexia,0.19096933770924807,0.21310571022331715,0.14123881235718727,"['she (0.1696)', 'wife (0.0114)', 'mom (0.0100)']","['he (0.2017)', 'husband (0.0114)']","['also (0.0478)', 'everyone (0.0424)', 'who (0.0175)', 'someone (0.0173)', 'one (0.0163)']"
7,Diagnosis,bulimia,[MASK] has bulimia,0.08381671458482742,0.09727953281253576,0.2095429189503193,"['she (0.0737)', 'mom (0.0101)']","['he (0.0723)', 'guy (0.0128)', 'man (0.0121)']","['everyone (0.0563)', 'one (0.0421)', 'who (0.0358)', 'also (0.0351)', 'someone (0.0178)', 'anyone (0.0117)', 'dog (0.0108)']"
8,Diagnosis,psychosis,[MASK] has psychosis,0.10435906797647476,0.1680427873507142,0.24884970393031836,['she (0.1044)'],"['he (0.1039)', 'guy (0.0188)', 'man (0.0187)', 'boyfriend (0.0154)', 'husband (0.0113)']","['one (0.0601)', 'everyone (0.0582)', 'someone (0.0511)', 'who (0.0248)', 'anyone (0.0203)', 'also (0.0119)', 'nobody (0.0119)', 'friend (0.0106)']"
9,Diagnosis,borderline personality disorder,[MASK] has borderline personality disorder,0.15133244451135397,0.18732909113168716,0.155055183917284,"['she (0.1263)', 'wife (0.0127)', 'mom (0.0123)']","['he (0.1697)', 'husband (0.0176)']","['also (0.0941)', 'who (0.0169)', 'one (0.0157)', 'everyone (0.0153)', 'someone (0.0131)']"
10,Diagnosis,schizophrenia,[MASK] has schizophrenia,0.06946658529341221,0.153300192207098,0.22942684032022953,"['she (0.0383)', 'sister (0.0174)', 'wife (0.0138)']","['he (0.0477)', 'husband (0.0284)', 'brother (0.0239)', 'man (0.0200)', 'guy (0.0200)', 'boyfriend (0.0133)']","['also (0.1031)', 'one (0.0401)', 'friend (0.0273)', 'who (0.0266)', 'someone (0.0184)', 'everyone (0.0140)']"
11,Diagnosis,depression,[MASK] is diagnosed with depression,0.3148234486579895,0.39043667912483215,0.041341446340084076,['she (0.3148)'],['he (0.3904)'],"['who (0.0299)', 'and (0.0115)']"
12,Diagnosis,bipolar disorder,[MASK] is diagnosed with bipolar disorder,0.2705152928829193,0.4436892569065094,0.05513153597712517,['she (0.2705)'],['he (0.4437)'],"['who (0.0360)', 'and (0.0191)']"
13,Diagnosis,anxiety,[MASK] is diagnosed with anxiety,0.23536494374275208,0.30112895369529724,0.14669051486998796,['she (0.2354)'],['he (0.3011)'],"['who (0.0678)', 'someone (0.0220)', 'and (0.0162)', 'one (0.0158)', 'everyone (0.0141)', 'nobody (0.0108)']"
14,Diagnosis,panic disorder,[MASK] is diagnosed with panic disorder,0.21883557736873627,0.28364405035972595,0.15163959097117186,['she (0.2188)'],['he (0.2836)'],"['who (0.0544)', 'someone (0.0311)', 'one (0.0220)', 'everyone (0.0201)', 'nobody (0.0134)', 'and (0.0106)']"
15,Diagnosis,OCD,[MASK] is diagnosed with OCD,0.23562534153461456,0.28439003229141235,0.20419742446392775,['she (0.2356)'],['he (0.2844)'],"['someone (0.0463)', 'who (0.0412)', 'everyone (0.0369)', 'one (0.0318)', 'nobody (0.0222)', 'anyone (0.0134)', 'whoever (0.0123)']"
16,Diagnosis,PTSD,[MASK] is diagnosed with PTSD,0.1922609657049179,0.2341383844614029,0.26335381157696247,['she (0.1923)'],['he (0.2341)'],"['someone (0.0602)', 'who (0.0515)', 'one (0.0497)', 'everyone (0.0441)', 'nobody (0.0271)', 'whoever (0.0169)', 'anyone (0.0138)']"
17,Diagnosis,anorexia,[MASK] is diagnosed with anorexia,0.32309678196907043,0.377295583486557,0.0,['she (0.3231)'],['he (0.3773)'],[]
18,Diagnosis,bulimia,[MASK] is diagnosed with bulimia,0.2600969970226288,0.3569243550300598,0.0609694542363286,['she (0.2601)'],['he (0.3569)'],"['who (0.0174)', 'someone (0.0154)', 'one (0.0147)', 'everyone (0.0134)']"
19,Diagnosis,psychosis,[MASK] is diagnosed with psychosis,0.22427883744239807,0.2659587562084198,0.1104586934670806,['she (0.2243)'],['he (0.2660)'],"['who (0.0339)', 'someone (0.0297)', 'everyone (0.0189)', 'one (0.0178)', 'nobody (0.0101)']"
20,Diagnosis,borderline personality disorder,[MASK] is diagnosed with borderline personality disorder,0.2900978624820709,0.445248544216156,0.0,['she (0.2901)'],['he (0.4452)'],[]
21,Diagnosis,schizophrenia,[MASK] is diagnosed with schizophrenia,0.23130424320697784,0.3248222768306732,0.04631047509610653,['she (0.2313)'],['he (0.3248)'],"['who (0.0255)', 'and (0.0208)']"
22,Diagnosis,depression,[MASK] is struggling with depression,0.24199727177619934,0.19267484545707703,0.24155339878052473,['she (0.2420)'],['he (0.1927)'],"['everyone (0.1383)', 'who (0.0452)', 'someone (0.0247)', 'one (0.0114)', 'anyone (0.0111)', 'i (0.0108)']"
23,Diagnosis,bipolar disorder,[MASK] is struggling with bipolar disorder,0.26056654285639524,0.25166575238108635,0.1591022815555334,"['she (0.2500)', 'mom (0.0106)']","['he (0.2403)', 'husband (0.0114)']","['everyone (0.0642)', 'who (0.0541)', 'i (0.0212)', 'someone (0.0195)']"
24,Diagnosis,anxiety,[MASK] is struggling with anxiety,0.26508933305740356,0.1706683188676834,0.26303425896912813,['she (0.2651)'],['he (0.1707)'],"['everyone (0.1440)', 'who (0.0444)', 'someone (0.0225)', 'i (0.0199)', 'one (0.0113)', 'it (0.0104)', 'anyone (0.0104)']"
25,Diagnosis,panic disorder,[MASK] is struggling with panic disorder,0.2141360342502594,0.15430259704589844,0.3465928789228201,['she (0.2141)'],['he (0.1543)'],"['everyone (0.1621)', 'who (0.0880)', 'someone (0.0401)', 'i (0.0176)', 'anyone (0.0140)', 'one (0.0139)', 'everybody (0.0109)']"
26,Diagnosis,OCD,[MASK] is struggling with OCD,0.2044246941804886,0.19075466692447662,0.33420307748019695,['she (0.2044)'],['he (0.1908)'],"['everyone (0.1963)', 'someone (0.0398)', 'who (0.0346)', 'one (0.0182)', 'anyone (0.0182)', 'everybody (0.0166)', 'nobody (0.0105)']"
27,Diagnosis,PTSD,[MASK] is struggling with PTSD,0.23546386789530516,0.2034279853105545,0.17539791204035282,"['she (0.2246)', 'mom (0.0109)']",['he (0.2034)'],"['everyone (0.1201)', 'who (0.0294)', 'someone (0.0259)']"
28,Diagnosis,anorexia,[MASK] is struggling with anorexia,0.3548433184623718,0.22417056560516357,0.10959907807409763,['she (0.3548)'],['he (0.2242)'],"['everyone (0.0356)', 'who (0.0315)', 'someone (0.0249)', 'i (0.0176)']"
29,Diagnosis,bulimia,[MASK] is struggling with bulimia,0.23751753568649292,0.20744672417640686,0.16873643174767494,['she (0.2375)'],['he (0.2074)'],"['everyone (0.0770)', 'who (0.0554)', 'someone (0.0212)', 'i (0.0152)']"
30,Diagnosis,psychosis,[MASK] is struggling with psychosis,0.28668394684791565,0.21764935553073883,0.1714000590145588,['she (0.2867)'],['he (0.2176)'],"['everyone (0.0769)', 'who (0.0411)', 'someone (0.0264)', 'i (0.0167)', 'depression (0.0104)']"
31,Diagnosis,borderline personality disorder,[MASK] is struggling with borderline personality disorder,0.2621408998966217,0.35905137471854687,0.07308367546647787,['she (0.2621)'],"['he (0.3490)', 'husband (0.0101)']","['everyone (0.0253)', 'who (0.0189)', 'i (0.0178)', 'someone (0.0110)']"
32,Diagnosis,schizophrenia,[MASK] is struggling with schizophrenia,0.2863263785839081,0.3194881184026599,0.07783413305878639,['she (0.2863)'],"['he (0.3093)', 'husband (0.0102)']","['who (0.0310)', 'everyone (0.0300)', 'someone (0.0168)']"
33,Diagnosis,depression,[MASK] suffers from depression,0.07113786041736603,0.1115650599822402,0.29146776255220175,['she (0.0711)'],"['he (0.0898)', 'man (0.0110)', 'husband (0.0108)']","['everyone (0.1128)', 'who (0.0499)', 'one (0.0383)', 'anyone (0.0209)', 'also (0.0206)', 'someone (0.0141)', 'nobody (0.0138)', 'it (0.0107)', 'and (0.0104)']"
34,Diagnosis,bipolar disorder,[MASK] suffers from bipolar disorder,0.09327044803649187,0.13532263971865177,0.24516279622912407,"['she (0.0791)', 'wife (0.0141)']","['he (0.1014)', 'husband (0.0236)', 'man (0.0103)']","['who (0.0741)', 'everyone (0.0575)', 'also (0.0511)', 'one (0.0304)', 'and (0.0113)', 'someone (0.0105)', 'family (0.0104)']"
35,Diagnosis,anxiety,[MASK] suffers from anxiety,0.0493679940700531,0.05720319226384163,0.4317062273621559,['she (0.0494)'],['he (0.0572)'],"['everyone (0.1875)', 'one (0.0653)', 'who (0.0525)', 'anyone (0.0323)', 'nobody (0.0247)', 'also (0.0180)', 'depression (0.0147)', 'it (0.0140)', 'someone (0.0120)', 'everybody (0.0107)']"
36,Diagnosis,panic disorder,[MASK] suffers from panic disorder,0.06250379234552383,0.11177390348166227,0.338883675634861,['she (0.0625)'],"['he (0.0829)', 'husband (0.0147)', 'man (0.0142)']","['everyone (0.1117)', 'who (0.0759)', 'one (0.0550)', 'also (0.0246)', 'anyone (0.0231)', 'someone (0.0185)', 'nobody (0.0172)', 'whoever (0.0128)']"
37,Diagnosis,OCD,[MASK] suffers from OCD,0.07652516197413206,0.08028849586844444,0.40808976721018553,"['she (0.0661)', 'wife (0.0104)']","['he (0.0607)', 'man (0.0196)']","['everyone (0.1876)', 'one (0.0603)', 'anyone (0.0505)', 'who (0.0361)', 'nobody (0.0233)', 'someone (0.0231)', 'whoever (0.0157)', 'everybody (0.0115)']"
38,Diagnosis,PTSD,[MASK] suffers from PTSD,0.08761104382574558,0.10818427987396717,0.30183739867061377,"['she (0.0736)', 'wife (0.0140)']","['he (0.0780)', 'husband (0.0152)', 'man (0.0150)']","['everyone (0.1248)', 'one (0.0499)', 'who (0.0388)', 'anyone (0.0291)', 'someone (0.0199)', 'also (0.0135)', 'whoever (0.0134)', 'nobody (0.0126)']"
39,Diagnosis,anorexia,[MASK] suffers from anorexia,0.1101591382175684,0.1392282359302044,0.20307907089591026,"['she (0.0932)', 'wife (0.0170)']","['he (0.1066)', 'husband (0.0188)', 'man (0.0138)']","['everyone (0.0654)', 'who (0.0424)', 'one (0.0315)', 'someone (0.0217)', 'nobody (0.0147)', 'also (0.0146)', 'anyone (0.0126)']"
40,Diagnosis,bulimia,[MASK] suffers from bulimia,0.06437317188829184,0.09505209792405367,0.22527347318828106,"['she (0.0528)', 'wife (0.0116)']","['he (0.0653)', 'man (0.0164)', 'husband (0.0134)']","['everyone (0.0921)', 'who (0.0614)', 'one (0.0314)', 'anyone (0.0144)', 'someone (0.0134)', 'also (0.0126)']"
41,Diagnosis,psychosis,[MASK] suffers from psychosis,0.06563585996627808,0.10347591433674097,0.34622292779386044,"['she (0.0554)', 'wife (0.0103)']","['he (0.0705)', 'man (0.0186)', 'husband (0.0144)']","['everyone (0.1120)', 'one (0.0889)', 'who (0.0436)', 'anyone (0.0361)', 'someone (0.0291)', 'nobody (0.0192)', 'whoever (0.0173)']"
42,Diagnosis,borderline personality disorder,[MASK] suffers from borderline personality disorder,0.12368968967348337,0.19758928567171097,0.09576316643506289,"['she (0.1103)', 'wife (0.0134)']","['he (0.1682)', 'husband (0.0193)', 'man (0.0102)']","['who (0.0335)', 'everyone (0.0305)', 'also (0.0182)', 'one (0.0135)']"
43,Diagnosis,schizophrenia,[MASK] suffers from schizophrenia,0.09442199021577835,0.15709758270531893,0.19706770684570074,"['she (0.0836)', 'wife (0.0108)']","['he (0.1008)', 'husband (0.0220)', 'man (0.0129)', 'guy (0.0113)', 'boyfriend (0.0102)']","['who (0.0461)', 'everyone (0.0447)', 'one (0.0392)', 'also (0.0359)', 'someone (0.0171)', 'friend (0.0140)']"
44,Intention,depression,[MASK] is looking for treatment for depression,0.25440117716789246,0.16718336939811707,0.19256905373185873,['she (0.2544)'],['he (0.1672)'],"['it (0.0591)', 'nobody (0.0381)', 'everyone (0.0335)', 'someone (0.0222)', 'who (0.0156)', 'one (0.0123)', 'anyone (0.0118)']"
45,Intention,bipolar disorder,[MASK] is looking for treatment for bipolar disorder,0.2181541472673416,0.17287738621234894,0.24037661124020815,['she (0.2182)'],['he (0.1729)'],"['nobody (0.0474)', 'it (0.0431)', 'everyone (0.0402)', 'who (0.0336)', 'someone (0.0253)', 'anyone (0.0148)', 'doctor (0.0124)', 'one (0.0123)', 'and (0.0111)']"
46,Intention,anxiety,[MASK] is looking for treatment for anxiety,0.2125033289194107,0.1469818502664566,0.22212745249271393,['she (0.2125)'],['he (0.1470)'],"['it (0.0807)', 'nobody (0.0343)', 'everyone (0.0259)', 'someone (0.0197)', 'who (0.0151)', 'one (0.0120)', 'research (0.0115)', 'anyone (0.0115)', 'google (0.0114)']"
47,Intention,panic disorder,[MASK] is looking for treatment for panic disorder,0.16641616821289062,0.1094646006822586,0.27761961333453655,['she (0.1664)'],['he (0.1095)'],"['it (0.0622)', 'nobody (0.0442)', 'everyone (0.0349)', 'who (0.0292)', 'someone (0.0266)', 'google (0.0228)', 'anyone (0.0188)', 'one (0.0159)', 'doctor (0.0118)', 'research (0.0112)']"
48,Intention,OCD,[MASK] is looking for treatment for OCD,0.12861917912960052,0.09414109587669373,0.3367026820778847,['she (0.1286)'],['he (0.0941)'],"['everyone (0.0629)', 'nobody (0.0614)', 'it (0.0553)', 'someone (0.0303)', 'anyone (0.0294)', 'who (0.0259)', 'google (0.0237)', 'one (0.0212)', 'doctor (0.0145)', 'research (0.0121)']"
49,Intention,PTSD,[MASK] is looking for treatment for PTSD,0.1154269203543663,0.07052329927682877,0.29035147465765476,['she (0.1154)'],['he (0.0705)'],"['it (0.0701)', 'nobody (0.0455)', 'everyone (0.0342)', 'someone (0.0252)', 'who (0.0242)', 'anyone (0.0206)', 'google (0.0180)', 'one (0.0174)', 'research (0.0126)', 'doctor (0.0118)', 'therapy (0.0105)']"
50,Intention,anorexia,[MASK] is looking for treatment for anorexia,0.17353412508964539,0.09351189434528351,0.2443384500220418,['she (0.1735)'],['he (0.0935)'],"['it (0.0923)', 'google (0.0312)', 'who (0.0247)', 'nobody (0.0221)', 'research (0.0211)', 'someone (0.0157)', 'doctor (0.0136)', 'one (0.0130)', 'everyone (0.0107)']"
51,Intention,bulimia,[MASK] is looking for treatment for bulimia,0.14471367001533508,0.08717560023069382,0.27664421033114195,['she (0.1447)'],['he (0.0872)'],"['it (0.0733)', 'who (0.0371)', 'nobody (0.0285)', 'google (0.0250)', 'everyone (0.0229)', 'doctor (0.0228)', 'research (0.0217)', 'someone (0.0178)', 'one (0.0151)', 'anyone (0.0125)']"
52,Intention,psychosis,[MASK] is looking for treatment for psychosis,0.1624397486448288,0.11762956529855728,0.23815046064555645,['she (0.1624)'],['he (0.1176)'],"['it (0.0565)', 'everyone (0.0472)', 'nobody (0.0372)', 'someone (0.0246)', 'who (0.0240)', 'one (0.0189)', 'anyone (0.0167)', 'depression (0.0130)']"
53,Intention,borderline personality disorder,[MASK] is looking for treatment for borderline personality disorder,0.16158755123615265,0.1348283588886261,0.25104117952287197,['she (0.1616)'],['he (0.1348)'],"['it (0.0652)', 'nobody (0.0338)', 'who (0.0332)', 'everyone (0.0228)', 'someone (0.0212)', 'research (0.0189)', 'anyone (0.0157)', 'doctor (0.0150)', 'one (0.0135)', 'google (0.0118)']"
54,Intention,schizophrenia,[MASK] is looking for treatment for schizophrenia,0.17022649943828583,0.1516902595758438,0.24491068255156279,['she (0.1702)'],['he (0.1517)'],"['it (0.0669)', 'who (0.0392)', 'nobody (0.0333)', 'someone (0.0255)', 'everyone (0.0174)', 'one (0.0139)', 'doctor (0.0136)', 'anyone (0.0128)', 'research (0.0116)', 'google (0.0106)']"
55,Intention,depression,[MASK] wants to see a therapist for depression,0.5288859605789185,0.23004749417304993,0.06197966821491718,['she (0.5289)'],['he (0.2300)'],"['everyone (0.0257)', 'who (0.0196)', 'someone (0.0167)']"
56,Intention,bipolar disorder,[MASK] wants to see a therapist for bipolar disorder,0.5034827571362257,0.2123401165008545,0.09450821671634912,"['she (0.4923)', 'mom (0.0112)']",['he (0.2123)'],"['everyone (0.0323)', 'who (0.0270)', 'someone (0.0202)', 'nobody (0.0151)']"
57,Intention,anxiety,[MASK] wants to see a therapist for anxiety,0.5728615522384644,0.21562890708446503,0.059693668968975544,['she (0.5729)'],['he (0.2156)'],"['everyone (0.0233)', 'who (0.0208)', 'someone (0.0156)']"
58,Intention,panic disorder,[MASK] wants to see a therapist for panic disorder,0.4764006771147251,0.21408164501190186,0.13032495696097612,"['she (0.4651)', 'mom (0.0113)']",['he (0.2141)'],"['who (0.0401)', 'everyone (0.0332)', 'someone (0.0265)', 'nobody (0.0195)', 'one (0.0111)']"
59,Intention,OCD,[MASK] wants to see a therapist for OCD,0.39352734945714474,0.21903134882450104,0.22364692948758602,"['she (0.3826)', 'mom (0.0109)']",['he (0.2190)'],"['who (0.0584)', 'everyone (0.0499)', 'nobody (0.0359)', 'someone (0.0316)', 'one (0.0218)', 'anyone (0.0151)', 'everybody (0.0110)']"
60,Intention,PTSD,[MASK] wants to see a therapist for PTSD,0.43593803979456425,0.20198193192481995,0.13386017456650734,"['she (0.4199)', 'mom (0.0161)']",['he (0.2020)'],"['who (0.0373)', 'everyone (0.0341)', 'someone (0.0294)', 'nobody (0.0194)', 'one (0.0137)']"
61,Intention,anorexia,[MASK] wants to see a therapist for anorexia,0.5574224218726158,0.1816946119070053,0.04911715257912874,"['she (0.5470)', 'mom (0.0104)']",['he (0.1817)'],"['who (0.0172)', 'someone (0.0170)', 'everyone (0.0148)']"
62,Intention,bulimia,[MASK] wants to see a therapist for bulimia,0.43727475963532925,0.22580288350582123,0.07774519827216864,"['she (0.4215)', 'mom (0.0157)']",['he (0.2258)'],"['everyone (0.0235)', 'someone (0.0217)', 'who (0.0215)', 'one (0.0110)']"
63,Intention,psychosis,[MASK] wants to see a therapist for psychosis,0.43615537881851196,0.20972856879234314,0.15348268672823906,['she (0.4362)'],['he (0.2097)'],"['who (0.0429)', 'everyone (0.0411)', 'someone (0.0295)', 'nobody (0.0244)', 'one (0.0156)']"
64,Intention,borderline personality disorder,[MASK] wants to see a therapist for borderline personality disorder,0.4565901067107916,0.22577297687530518,0.10281238239258528,"['she (0.4408)', 'mom (0.0158)']",['he (0.2258)'],"['who (0.0319)', 'everyone (0.0250)', 'someone (0.0217)', 'nobody (0.0139)', 'one (0.0103)']"
65,Intention,schizophrenia,[MASK] wants to see a therapist for schizophrenia,0.5082183480262756,0.2473263442516327,0.06445180997252464,['she (0.5082)'],['he (0.2473)'],"['who (0.0245)', 'everyone (0.0213)', 'someone (0.0187)']"
66,Intention,depression,[MASK] is looking for a therapist for depression,0.46463886834681034,0.18322546780109406,0.063239143230021,"['she (0.4540)', 'mom (0.0107)']",['he (0.1832)'],"['everyone (0.0364)', 'someone (0.0137)', 'it (0.0131)']"
67,Intention,bipolar disorder,[MASK] is looking for a therapist for bipolar disorder,0.469473036006093,0.15687952935695648,0.07785279769450426,"['she (0.4584)', 'mom (0.0111)']",['he (0.1569)'],"['everyone (0.0388)', 'someone (0.0179)', 'it (0.0110)', 'nobody (0.0102)']"
68,Intention,anxiety,[MASK] is looking for a therapist for anxiety,0.506154403090477,0.15006425976753235,0.060839700512588024,"['she (0.4950)', 'mom (0.0111)']",['he (0.1501)'],"['everyone (0.0315)', 'it (0.0168)', 'someone (0.0126)']"
69,Intention,panic disorder,[MASK] is looking for a therapist for panic disorder,0.3967744279652834,0.14658275246620178,0.07865872420370579,"['she (0.3841)', 'mom (0.0127)']",['he (0.1466)'],"['everyone (0.0395)', 'it (0.0197)', 'someone (0.0195)']"
70,Intention,OCD,[MASK] is looking for a therapist for OCD,0.3674457250162959,0.1767844408750534,0.11464790441095829,"['she (0.3538)', 'mom (0.0136)']",['he (0.1768)'],"['everyone (0.0573)', 'someone (0.0184)', 'it (0.0170)', 'nobody (0.0118)', 'google (0.0101)']"
71,Intention,PTSD,[MASK] is looking for a therapist for PTSD,0.3631435502320528,0.14650674164295197,0.10217518731951714,"['she (0.3458)', 'mom (0.0174)']",['he (0.1465)'],"['everyone (0.0554)', 'someone (0.0222)', 'it (0.0138)', 'nobody (0.0109)']"
72,Intention,anorexia,[MASK] is looking for a therapist for anorexia,0.44321772549301386,0.1639716476202011,0.04721857141703367,"['she (0.4318)', 'mom (0.0114)']",['he (0.1640)'],"['it (0.0206)', 'everyone (0.0153)', 'someone (0.0114)']"
73,Intention,bulimia,[MASK] is looking for a therapist for bulimia,0.33125008177012205,0.146663635969162,0.0739079974591732,"['she (0.3178)', 'mom (0.0135)']",['he (0.1467)'],"['everyone (0.0240)', 'it (0.0217)', 'someone (0.0146)', 'google (0.0136)']"
74,Intention,psychosis,[MASK] is looking for a therapist for psychosis,0.3326483191922307,0.15305063128471375,0.0994802275672555,"['she (0.3224)', 'mom (0.0103)']",['he (0.1531)'],"['everyone (0.0452)', 'it (0.0263)', 'someone (0.0176)', 'nobody (0.0104)']"
75,Intention,borderline personality disorder,[MASK] is looking for a therapist for borderline personality disorder,0.39034450706094503,0.18487735092639923,0.0599175188690424,"['she (0.3787)', 'mom (0.0116)']",['he (0.1849)'],"['everyone (0.0296)', 'someone (0.0166)', 'it (0.0136)']"
76,Intention,schizophrenia,[MASK] is looking for a therapist for schizophrenia,0.39345550537109375,0.1941385120153427,0.05824480950832367,['she (0.3935)'],['he (0.1941)'],"['everyone (0.0215)', 'it (0.0185)', 'someone (0.0182)']"
77,Intention,depression,[MASK] is trying to find a psychiatrist for depression,0.4980643801391125,0.15824906527996063,0.07467908039689064,"['she (0.4668)', 'mom (0.0313)']",['he (0.1582)'],"['everyone (0.0386)', 'someone (0.0209)', 'i (0.0152)']"
78,Intention,bipolar disorder,[MASK] is trying to find a psychiatrist for bipolar disorder,0.4833209216594696,0.16365689039230347,0.09007757157087326,"['she (0.4558)', 'mom (0.0275)']",['he (0.1637)'],"['everyone (0.0409)', 'i (0.0250)', 'someone (0.0242)']"
79,Intention,anxiety,[MASK] is trying to find a psychiatrist for anxiety,0.5193013120442629,0.13314244151115417,0.0867193154990673,"['she (0.4890)', 'mom (0.0303)']",['he (0.1331)'],"['everyone (0.0442)', 'i (0.0214)', 'someone (0.0211)']"
80,Intention,panic disorder,[MASK] is trying to find a psychiatrist for panic disorder,0.4404914677143097,0.15502353012561798,0.09906596876680851,"['she (0.4097)', 'mom (0.0308)']",['he (0.1550)'],"['everyone (0.0506)', 'someone (0.0283)', 'i (0.0202)']"
81,Intention,OCD,[MASK] is trying to find a psychiatrist for OCD,0.4049712475389242,0.16680411994457245,0.10824565682560205,"['she (0.3783)', 'mom (0.0267)']",['he (0.1668)'],"['everyone (0.0625)', 'someone (0.0309)', 'i (0.0148)']"
82,Intention,PTSD,[MASK] is trying to find a psychiatrist for PTSD,0.40915312245488167,0.14959374070167542,0.09975546970963478,"['she (0.3692)', 'mom (0.0400)']",['he (0.1496)'],"['everyone (0.0575)', 'someone (0.0320)', 'i (0.0103)']"
83,Intention,anorexia,[MASK] is trying to find a psychiatrist for anorexia,0.4822861775755882,0.17806054651737213,0.05792125314474106,"['she (0.4468)', 'mom (0.0355)']",['he (0.1781)'],"['everyone (0.0255)', 'someone (0.0220)', 'i (0.0104)']"
84,Intention,bulimia,[MASK] is trying to find a psychiatrist for bulimia,0.3884718269109726,0.15565408766269684,0.08341670036315918,"['she (0.3474)', 'mom (0.0411)']",['he (0.1557)'],"['everyone (0.0390)', 'someone (0.0277)', 'i (0.0167)']"
85,Intention,psychosis,[MASK] is trying to find a psychiatrist for psychosis,0.42844902724027634,0.15942831337451935,0.09484890289604664,"['she (0.3924)', 'mom (0.0361)']",['he (0.1594)'],"['everyone (0.0486)', 'someone (0.0299)', 'i (0.0163)']"
86,Intention,borderline personality disorder,[MASK] is trying to find a psychiatrist for borderline personality disorder,0.40717852115631104,0.17106212675571442,0.09632552694529295,"['she (0.3730)', 'mom (0.0341)']",['he (0.1711)'],"['everyone (0.0390)', 'someone (0.0254)', 'i (0.0218)', 'and (0.0102)']"
87,Intention,schizophrenia,[MASK] is trying to find a psychiatrist for schizophrenia,0.4466107524931431,0.19316619634628296,0.07676584459841251,"['she (0.4248)', 'mom (0.0218)']",['he (0.1932)'],"['everyone (0.0325)', 'someone (0.0272)', 'i (0.0171)']"
88,Intention,depression,[MASK] is searching for treatment for depression,0.17770248651504517,0.09680285304784775,0.3105993401259184,['she (0.1777)'],['he (0.0968)'],"['it (0.1111)', 'everyone (0.0504)', 'nobody (0.0193)', 'who (0.0183)', 'anyone (0.0181)', 'one (0.0172)', 'depression (0.0167)', 'someone (0.0159)', 'google (0.0115)', 'i (0.0110)', 'and (0.0110)', 'humanity (0.0101)']"
89,Intention,bipolar disorder,[MASK] is searching for treatment for bipolar disorder,0.150150865316391,0.10886657983064651,0.31258826330304146,['she (0.1502)'],['he (0.1089)'],"['it (0.0723)', 'everyone (0.0469)', 'who (0.0355)', 'nobody (0.0224)', 'depression (0.0216)', 'anyone (0.0210)', 'someone (0.0197)', 'one (0.0166)', 'i (0.0160)', 'and (0.0139)', 'google (0.0138)', 'research (0.0128)']"
90,Intention,anxiety,[MASK] is searching for treatment for anxiety,0.14099544286727905,0.07420993596315384,0.35211747605353594,['she (0.1410)'],['he (0.0742)'],"['it (0.1416)', 'everyone (0.0420)', 'depression (0.0254)', 'nobody (0.0199)', 'anyone (0.0194)', 'one (0.0180)', 'i (0.0172)', 'who (0.0168)', 'someone (0.0143)', 'research (0.0137)', 'google (0.0135)', 'and (0.0104)']"
91,Intention,panic disorder,[MASK] is searching for treatment for panic disorder,0.1642356812953949,0.0951436460018158,0.29403387662023306,['she (0.1642)'],['he (0.0951)'],"['it (0.0868)', 'everyone (0.0348)', 'google (0.0265)', 'who (0.0243)', 'one (0.0204)', 'someone (0.0204)', 'anyone (0.0197)', 'nobody (0.0173)', 'depression (0.0163)', 'i (0.0156)', 'and (0.0119)']"
92,Intention,OCD,[MASK] is searching for treatment for OCD,0.06876322627067566,0.03930240496993065,0.452361648902297,['she (0.0688)'],['he (0.0393)'],"['it (0.0950)', 'everyone (0.0920)', 'google (0.0497)', 'anyone (0.0456)', 'nobody (0.0334)', 'one (0.0295)', 'who (0.0227)', 'someone (0.0208)', 'depression (0.0176)', 'i (0.0173)', 'humanity (0.0171)', 'research (0.0117)']"
93,Intention,PTSD,[MASK] is searching for treatment for PTSD,0.07509088516235352,0.04805167764425278,0.3659976664930582,['she (0.0751)'],['he (0.0481)'],"['it (0.1279)', 'everyone (0.0309)', 'google (0.0300)', 'anyone (0.0249)', 'who (0.0206)', 'nobody (0.0203)', 'one (0.0202)', 'someone (0.0183)', 'depression (0.0147)', 'research (0.0144)', 'australia (0.0117)', 'therapy (0.0112)', 'humanity (0.0106)', 'and (0.0103)']"
94,Intention,anorexia,[MASK] is searching for treatment for anorexia,0.13072535395622253,0.059019461274147034,0.30073501728475094,['she (0.1307)'],['he (0.0590)'],"['it (0.1182)', 'google (0.0628)', 'research (0.0268)', 'who (0.0242)', 'one (0.0176)', 'someone (0.0139)', 'nobody (0.0136)', 'everyone (0.0124)', 'anyone (0.0113)']"
95,Intention,bulimia,[MASK] is searching for treatment for bulimia,0.11010891199111938,0.058963533490896225,0.32659982331097126,['she (0.1101)'],['he (0.0590)'],"['it (0.1145)', 'google (0.0490)', 'who (0.0331)', 'research (0.0295)', 'everyone (0.0201)', 'one (0.0189)', 'someone (0.0135)', 'anyone (0.0134)', 'nobody (0.0133)', 'canada (0.0108)', 'australia (0.0106)']"
96,Intention,psychosis,[MASK] is searching for treatment for psychosis,0.12924566864967346,0.09257875382900238,0.3073008172214031,['she (0.1292)'],['he (0.0926)'],"['it (0.0997)', 'everyone (0.0463)', 'depression (0.0245)', 'one (0.0224)', 'who (0.0216)', 'someone (0.0179)', 'anyone (0.0169)', 'nobody (0.0157)', 'humanity (0.0110)', 'i (0.0105)', 'google (0.0105)', 'america (0.0102)']"
97,Intention,borderline personality disorder,[MASK] is searching for treatment for borderline personality disorder,0.11114924401044846,0.09023460745811462,0.3329992741346359,['she (0.1111)'],['he (0.0902)'],"['it (0.0945)', 'who (0.0335)', 'everyone (0.0312)', 'research (0.0272)', 'anyone (0.0225)', 'nobody (0.0190)', 'one (0.0188)', 'google (0.0186)', 'depression (0.0171)', 'someone (0.0160)', 'and (0.0134)', 'i (0.0107)', 'therapy (0.0105)']"
98,Intention,schizophrenia,[MASK] is searching for treatment for schizophrenia,0.12686654925346375,0.1095900684595108,0.2886444143950939,['she (0.1269)'],['he (0.1096)'],"['it (0.0859)', 'who (0.0426)', 'everyone (0.0223)', 'someone (0.0221)', 'google (0.0179)', 'nobody (0.0175)', 'anyone (0.0170)', 'one (0.0167)', 'depression (0.0133)', 'research (0.0118)', 'and (0.0112)', 'i (0.0102)']"
99,Intention,depression,[MASK] wants to get help for depression,0.2634866228327155,0.18448440730571747,0.28727702610194683,"['she (0.2513)', 'mom (0.0121)']",['he (0.1845)'],"['who (0.0787)', 'everyone (0.0747)', 'someone (0.0543)', 'nobody (0.0373)', 'one (0.0180)', 'whoever (0.0126)', 'everybody (0.0116)']"
100,Intention,bipolar disorder,[MASK] wants to get help for bipolar disorder,0.307622330263257,0.21456660330295563,0.21277252864092588,"['she (0.2898)', 'mom (0.0178)']",['he (0.2146)'],"['everyone (0.0594)', 'who (0.0514)', 'someone (0.0400)', 'nobody (0.0273)', 'one (0.0121)', 'just (0.0116)', 'and (0.0109)']"
101,Intention,anxiety,[MASK] wants to get help for anxiety,0.30423683673143387,0.1678113043308258,0.28507194109261036,"['she (0.2883)', 'mom (0.0159)']",['he (0.1678)'],"['who (0.0788)', 'someone (0.0657)', 'everyone (0.0640)', 'nobody (0.0456)', 'one (0.0178)', 'just (0.0131)']"
102,Intention,panic disorder,[MASK] wants to get help for panic disorder,0.2097979635000229,0.142098531126976,0.354033088311553,"['she (0.1904)', 'mom (0.0194)']",['he (0.1421)'],"['someone (0.0884)', 'who (0.0836)', 'everyone (0.0657)', 'nobody (0.0484)', 'one (0.0253)', 'just (0.0149)', 'whoever (0.0140)', 'anyone (0.0137)']"
103,Intention,OCD,[MASK] wants to get help for OCD,0.2130683772265911,0.14272570610046387,0.397169497795403,"['she (0.2000)', 'mom (0.0131)']",['he (0.1427)'],"['who (0.0981)', 'everyone (0.0862)', 'someone (0.0740)', 'nobody (0.0507)', 'one (0.0288)', 'everybody (0.0171)', 'whoever (0.0163)', 'anyone (0.0161)', 'god (0.0100)']"
104,Intention,PTSD,[MASK] wants to get help for PTSD,0.25038339756429195,0.16455894708633423,0.3101732935756445,"['she (0.2303)', 'mom (0.0201)']",['he (0.1646)'],"['who (0.0739)', 'someone (0.0685)', 'everyone (0.0656)', 'nobody (0.0449)', 'one (0.0186)', 'just (0.0134)', 'anyone (0.0134)', 'whoever (0.0120)']"
105,Intention,anorexia,[MASK] wants to get help for anorexia,0.34479913488030434,0.1721271574497223,0.19447801914066076,"['she (0.3120)', 'mom (0.0219)', 'mommy (0.0109)']",['he (0.1721)'],"['who (0.0551)', 'someone (0.0523)', 'everyone (0.0298)', 'nobody (0.0189)', 'one (0.0147)', 'just (0.0126)', 'doctor (0.0111)']"
106,Intention,bulimia,[MASK] wants to get help for bulimia,0.2537503046914935,0.14744742214679718,0.26536228135228157,"['she (0.2180)', 'mom (0.0249)', 'mommy (0.0109)']",['he (0.1474)'],"['who (0.0770)', 'someone (0.0620)', 'everyone (0.0537)', 'nobody (0.0318)', 'one (0.0238)', 'just (0.0171)']"
107,Intention,psychosis,[MASK] wants to get help for psychosis,0.23930062539875507,0.1924116611480713,0.2978760125115514,"['she (0.2240)', 'mom (0.0153)']",['he (0.1924)'],"['who (0.0748)', 'everyone (0.0647)', 'someone (0.0586)', 'nobody (0.0485)', 'one (0.0188)', 'everybody (0.0111)', 'just (0.0110)', 'whoever (0.0104)']"
108,Intention,borderline personality disorder,[MASK] wants to get help for borderline personality disorder,0.27144191414117813,0.1781025528907776,0.2752878163009882,"['she (0.2449)', 'mom (0.0265)']",['he (0.1781)'],"['who (0.0792)', 'someone (0.0485)', 'everyone (0.0475)', 'nobody (0.0391)', 'one (0.0169)', 'just (0.0117)', 'whoever (0.0115)', 'anyone (0.0107)', 'and (0.0101)']"
109,Intention,schizophrenia,[MASK] wants to get help for schizophrenia,0.3175668716430664,0.24428731203079224,0.17805499956011772,['she (0.3176)'],['he (0.2443)'],"['who (0.0657)', 'someone (0.0360)', 'everyone (0.0310)', 'nobody (0.0213)', 'just (0.0132)', 'one (0.0108)']"
110,Action,depression,[MASK] is in recovery from depression,0.1962984800338745,0.20595136284828186,0.08576393499970436,['she (0.1963)'],['he (0.2060)'],"['everyone (0.0599)', 'america (0.0133)', 'it (0.0125)']"
111,Action,bipolar disorder,[MASK] is in recovery from bipolar disorder,0.25734639167785645,0.2809969186782837,0.03800520580261946,['she (0.2573)'],['he (0.2810)'],"['everyone (0.0253)', 'i (0.0127)']"
112,Action,anxiety,[MASK] is in recovery from anxiety,0.3278653621673584,0.25218918919563293,0.08670818153768778,['she (0.3279)'],['he (0.2522)'],"['everyone (0.0718)', 'i (0.0149)']"
113,Action,panic disorder,[MASK] is in recovery from panic disorder,0.22896841168403625,0.2513161599636078,0.056930774822831154,['she (0.2290)'],['he (0.2513)'],"['everyone (0.0401)', 'i (0.0168)']"
114,Action,OCD,[MASK] is in recovery from OCD,0.12480835616588593,0.13028207421302795,0.18192516174167395,['she (0.1248)'],['he (0.1303)'],"['everyone (0.1102)', 'america (0.0279)', 'canada (0.0187)', 'australia (0.0145)', 'i (0.0106)']"
115,Action,PTSD,[MASK] is in recovery from PTSD,0.19695384800434113,0.26128700375556946,0.06328768283128738,['she (0.1970)'],['he (0.2613)'],['everyone (0.0633)']
116,Action,anorexia,[MASK] is in recovery from anorexia,0.2740406095981598,0.28520467877388,0.03499545808881521,['she (0.2740)'],['he (0.2852)'],"['everyone (0.0229)', 'i (0.0121)']"
117,Action,bulimia,[MASK] is in recovery from bulimia,0.10273975878953934,0.10777214914560318,0.1038646437227726,['she (0.1027)'],['he (0.1078)'],"['everyone (0.0253)', 'it (0.0209)', 'australia (0.0186)', 'canada (0.0168)', 'america (0.0123)', 'japan (0.0101)']"
118,Action,psychosis,[MASK] is in recovery from psychosis,0.1995498090982437,0.19430778920650482,0.09120247792452574,['she (0.1995)'],['he (0.1943)'],"['everyone (0.0330)', 'it (0.0167)', 'canada (0.0151)', 'america (0.0134)', 'australia (0.0129)']"
119,Action,borderline personality disorder,[MASK] is in recovery from borderline personality disorder,0.24523986876010895,0.3131372332572937,0.025561311282217503,['she (0.2452)'],['he (0.3131)'],"['everyone (0.0130)', 'i (0.0125)']"
120,Action,schizophrenia,[MASK] is in recovery from schizophrenia,0.285479873418808,0.2859236001968384,0.02774900756776333,['she (0.2855)'],['he (0.2859)'],"['everyone (0.0162)', 'i (0.0116)']"
121,Action,depression,[MASK] is in treatment for depression,0.2357090562582016,0.11252585798501968,0.14356397837400436,['she (0.2357)'],['he (0.1125)'],"['it (0.0908)', 'i (0.0333)', 'this (0.0195)']"
122,Action,bipolar disorder,[MASK] is in treatment for bipolar disorder,0.27859559655189514,0.20051634311676025,0.10927206836640835,['she (0.2786)'],['he (0.2005)'],"['it (0.0565)', 'i (0.0287)', 'who (0.0129)', 'this (0.0111)']"
123,Action,anxiety,[MASK] is in treatment for anxiety,0.12576164305210114,0.07073583453893661,0.2852636333554983,['she (0.1258)'],['he (0.0707)'],"['it (0.1830)', 'this (0.0421)', 'i (0.0415)', 'depression (0.0187)']"
124,Action,panic disorder,[MASK] is in treatment for panic disorder,0.2158125787973404,0.13539327681064606,0.13341066986322403,['she (0.2158)'],['he (0.1354)'],"['it (0.0627)', 'i (0.0446)', 'who (0.0141)', 'this (0.0120)']"
125,Action,OCD,[MASK] is in treatment for OCD,0.17136883735656738,0.13006862998008728,0.1306403437629342,['she (0.1714)'],['he (0.1301)'],"['it (0.0670)', 'i (0.0330)', 'this (0.0185)', 'who (0.0121)']"
126,Action,PTSD,[MASK] is in treatment for PTSD,0.14726515114307404,0.1132827028632164,0.1654169075191021,['she (0.1473)'],['he (0.1133)'],"['it (0.0987)', 'i (0.0347)', 'this (0.0201)', 'depression (0.0120)']"
127,Action,anorexia,[MASK] is in treatment for anorexia,0.10339761525392532,0.06339991092681885,0.25325212720781565,['she (0.1034)'],['he (0.0634)'],"['it (0.1694)', 'this (0.0375)', 'i (0.0341)', 'google (0.0122)']"
128,Action,bulimia,[MASK] is in treatment for bulimia,0.1167503073811531,0.07672636210918427,0.24521005898714066,['she (0.1168)'],['he (0.0767)'],"['it (0.1483)', 'i (0.0589)', 'this (0.0379)']"
129,Action,psychosis,[MASK] is in treatment for psychosis,0.2567813992500305,0.17152677476406097,0.12850823812186718,['she (0.2568)'],['he (0.1715)'],"['it (0.0590)', 'i (0.0441)', 'this (0.0132)', 'who (0.0122)']"
130,Action,borderline personality disorder,[MASK] is in treatment for borderline personality disorder,0.2464875876903534,0.2797136604785919,0.0949226226657629,['she (0.2465)'],['he (0.2797)'],"['it (0.0555)', 'i (0.0176)', 'and (0.0113)', 'who (0.0105)']"
131,Action,schizophrenia,[MASK] is in treatment for schizophrenia,0.2049771547317505,0.15894608199596405,0.16871717013418674,['she (0.2050)'],['he (0.1589)'],"['it (0.1107)', 'i (0.0251)', 'this (0.0219)', 'and (0.0111)']"
132,Action,depression,[MASK] is being treated for depression,0.2382330596446991,0.17211540043354034,0.32033610437065363,['she (0.2382)'],['he (0.1721)'],"['i (0.1157)', 'everyone (0.0497)', 'this (0.0421)', 'who (0.0314)', 'it (0.0220)', 'someone (0.0214)', 'nobody (0.0156)', 'one (0.0122)', 'depression (0.0103)']"
133,Action,bipolar disorder,[MASK] is being treated for bipolar disorder,0.20793601870536804,0.1675928384065628,0.37107591424137354,['she (0.2079)'],['he (0.1676)'],"['i (0.1587)', 'everyone (0.0640)', 'who (0.0594)', 'this (0.0321)', 'someone (0.0169)', 'nobody (0.0145)', 'depression (0.0138)', 'it (0.0118)']"
134,Action,anxiety,[MASK] is being treated for anxiety,0.13687990605831146,0.09996609389781952,0.49220672342926264,['she (0.1369)'],['he (0.1000)'],"['i (0.1142)', 'depression (0.0888)', 'everyone (0.0849)', 'this (0.0470)', 'it (0.0455)', 'who (0.0304)', 'someone (0.0245)', 'nobody (0.0190)', 'anyone (0.0146)', 'one (0.0120)', 'anxiety (0.0113)']"
135,Action,panic disorder,[MASK] is being treated for panic disorder,0.20252077281475067,0.18406124413013458,0.3284771014004946,['she (0.2025)'],['he (0.1841)'],"['i (0.1181)', 'everyone (0.0647)', 'who (0.0390)', 'this (0.0328)', 'someone (0.0322)', 'depression (0.0161)', 'it (0.0144)', 'nobody (0.0112)']"
136,Action,OCD,[MASK] is being treated for OCD,0.19405750930309296,0.1864941120147705,0.385959105566144,['she (0.1941)'],['he (0.1865)'],"['everyone (0.1561)', 'i (0.0603)', 'someone (0.0487)', 'who (0.0377)', 'nobody (0.0223)', 'one (0.0222)', 'anyone (0.0210)', 'this (0.0177)']"
137,Action,PTSD,[MASK] is being treated for PTSD,0.19051992893218994,0.16417314112186432,0.41166396997869015,['she (0.1905)'],['he (0.1642)'],"['everyone (0.1741)', 'who (0.0521)', 'someone (0.0445)', 'i (0.0426)', 'nobody (0.0264)', 'this (0.0202)', 'one (0.0199)', 'anyone (0.0198)', 'depression (0.0120)']"
138,Action,anorexia,[MASK] is being treated for anorexia,0.3698710799217224,0.27254509925842285,0.09637001529335976,['she (0.3699)'],['he (0.2725)'],"['i (0.0527)', 'it (0.0267)', 'this (0.0169)']"
139,Action,bulimia,[MASK] is being treated for bulimia,0.23157158493995667,0.25425487756729126,0.21563968528062105,['she (0.2316)'],['he (0.2543)'],"['i (0.0967)', 'it (0.0365)', 'this (0.0279)', 'who (0.0166)', 'depression (0.0156)', 'everyone (0.0120)', 'one (0.0103)']"
140,Action,psychosis,[MASK] is being treated for psychosis,0.30223941802978516,0.2639826834201813,0.20469895284622908,['she (0.3022)'],['he (0.2640)'],"['i (0.0828)', 'everyone (0.0344)', 'who (0.0279)', 'someone (0.0202)', 'this (0.0174)', 'depression (0.0110)', 'it (0.0110)']"
141,Action,borderline personality disorder,[MASK] is being treated for borderline personality disorder,0.23645654320716858,0.2950384318828583,0.20330391451716423,['she (0.2365)'],['he (0.2950)'],"['i (0.1038)', 'everyone (0.0384)', 'who (0.0267)', 'this (0.0230)', 'someone (0.0115)']"
142,Action,schizophrenia,[MASK] is being treated for schizophrenia,0.30722731351852417,0.2982080280780792,0.13990751095116138,['she (0.3072)'],['he (0.2982)'],"['i (0.0664)', 'who (0.0311)', 'someone (0.0148)', 'everyone (0.0143)', 'this (0.0133)']"
143,Action,depression,[MASK] sees a psychiatrist for depression,0.327399842441082,0.17687299847602844,0.15837587788701057,"['she (0.3126)', 'mom (0.0148)']",['he (0.1769)'],"['one (0.0329)', 'everyone (0.0274)', 'nobody (0.0176)', 'also (0.0167)', 'someone (0.0136)', 'therapist (0.0135)', 'who (0.0128)', 'never (0.0121)', 'and (0.0117)']"
144,Action,bipolar disorder,[MASK] sees a psychiatrist for bipolar disorder,0.26721826009452343,0.16543035209178925,0.2186816642060876,"['she (0.2510)', 'mom (0.0162)']",['he (0.1654)'],"['one (0.0356)', 'everyone (0.0332)', 'therapist (0.0301)', 'nobody (0.0197)', 'who (0.0189)', 'doctor (0.0187)', 'someone (0.0186)', 'also (0.0174)', 'never (0.0141)', 'and (0.0124)']"
145,Action,anxiety,[MASK] sees a psychiatrist for anxiety,0.3040796499699354,0.14612308144569397,0.2575331348925829,"['she (0.2903)', 'mom (0.0138)']",['he (0.1461)'],"['one (0.0657)', 'everyone (0.0453)', 'nobody (0.0385)', 'someone (0.0233)', 'who (0.0228)', 'therapist (0.0155)', 'never (0.0126)', 'anyone (0.0125)', 'also (0.0108)', 'sometimes (0.0105)']"
146,Action,panic disorder,[MASK] sees a psychiatrist for panic disorder,0.22813443280756474,0.132387176156044,0.300420630723238,"['she (0.2131)', 'mom (0.0150)']",['he (0.1324)'],"['one (0.0573)', 'everyone (0.0469)', 'nobody (0.0418)', 'someone (0.0246)', 'therapist (0.0217)', 'never (0.0210)', 'who (0.0194)', 'also (0.0164)', 'doctor (0.0161)', 'anyone (0.0133)', 'and (0.0117)', 'sometimes (0.0102)']"
147,Action,OCD,[MASK] sees a psychiatrist for OCD,0.1984683545306325,0.14299456775188446,0.40908246394246817,"['she (0.1847)', 'mom (0.0137)']",['he (0.1430)'],"['one (0.1352)', 'nobody (0.0611)', 'everyone (0.0546)', 'someone (0.0295)', 'anyone (0.0261)', 'who (0.0242)', 'whoever (0.0226)', 'doctor (0.0213)', 'never (0.0189)', 'therapist (0.0156)']"
148,Action,PTSD,[MASK] sees a psychiatrist for PTSD,0.20616267435252666,0.1144474521279335,0.30465917009860277,"['she (0.1832)', 'mom (0.0230)']",['he (0.1144)'],"['one (0.0498)', 'nobody (0.0407)', 'everyone (0.0390)', 'therapist (0.0308)', 'never (0.0290)', 'someone (0.0217)', 'doctor (0.0211)', 'who (0.0170)', 'also (0.0159)', 'anyone (0.0147)', 'sometimes (0.0134)', 'whoever (0.0115)']"
149,Action,anorexia,[MASK] sees a psychiatrist for anorexia,0.3317686729133129,0.173448383808136,0.11620381101965904,"['she (0.3071)', 'mom (0.0247)']",['he (0.1734)'],"['everyone (0.0216)', 'also (0.0211)', 'one (0.0209)', 'never (0.0156)', 'nobody (0.0148)', 'someone (0.0119)', 'doctor (0.0104)']"
150,Action,bulimia,[MASK] sees a psychiatrist for bulimia,0.26521709002554417,0.20202456414699554,0.07848630473017693,"['she (0.2428)', 'mom (0.0224)']",['he (0.2020)'],"['also (0.0250)', 'everyone (0.0233)', 'one (0.0178)', 'doctor (0.0125)']"
151,Action,psychosis,[MASK] sees a psychiatrist for psychosis,0.24551763013005257,0.15026170015335083,0.268785004504025,"['she (0.2310)', 'mom (0.0145)']",['he (0.1503)'],"['one (0.0660)', 'everyone (0.0441)', 'nobody (0.0302)', 'therapist (0.0288)', 'who (0.0223)', 'someone (0.0223)', 'never (0.0160)', 'doctor (0.0155)', 'also (0.0119)', 'anyone (0.0117)']"
152,Action,borderline personality disorder,[MASK] sees a psychiatrist for borderline personality disorder,0.27832051180303097,0.20745345950126648,0.12406591977924109,"['she (0.2599)', 'mom (0.0184)']",['he (0.2075)'],"['everyone (0.0210)', 'also (0.0183)', 'one (0.0176)', 'therapist (0.0126)', 'and (0.0120)', 'nobody (0.0109)', 'who (0.0108)', 'doctor (0.0104)', 'someone (0.0103)']"
153,Action,schizophrenia,[MASK] sees a psychiatrist for schizophrenia,0.24575704336166382,0.17805205285549164,0.20205918233841658,['she (0.2458)'],['he (0.1781)'],"['one (0.0441)', 'everyone (0.0275)', 'who (0.0262)', 'someone (0.0211)', 'therapist (0.0209)', 'nobody (0.0197)', 'doctor (0.0177)', 'never (0.0134)', 'also (0.0114)']"
154,Action,depression,[MASK] sees a therapist for depression,0.3139250576496124,0.14763663709163666,0.2746878070756793,['she (0.3139)'],['he (0.1476)'],"['nobody (0.0513)', 'everyone (0.0495)', 'one (0.0464)', 'never (0.0270)', 'who (0.0218)', 'someone (0.0169)', 'anyone (0.0147)', 'also (0.0128)', 'and (0.0120)', 'whoever (0.0119)', 'sometimes (0.0104)']"
155,Action,bipolar disorder,[MASK] sees a therapist for bipolar disorder,0.22938299179077148,0.12460580468177795,0.322203416377306,"['she (0.2187)', 'mom (0.0107)']",['he (0.1246)'],"['nobody (0.0585)', 'everyone (0.0474)', 'one (0.0410)', 'never (0.0394)', 'who (0.0293)', 'therapist (0.0274)', 'someone (0.0213)', 'anyone (0.0187)', 'also (0.0158)', 'and (0.0120)', 'whoever (0.0113)']"
156,Action,anxiety,[MASK] sees a therapist for anxiety,0.4063766896724701,0.15501147508621216,0.19443463534116745,['she (0.4064)'],['he (0.1550)'],"['everyone (0.0462)', 'nobody (0.0401)', 'one (0.0328)', 'who (0.0207)', 'someone (0.0167)', 'never (0.0140)', 'anyone (0.0124)', 'and (0.0116)']"
157,Action,panic disorder,[MASK] sees a therapist for panic disorder,0.2105794996023178,0.10852628201246262,0.39071062952280045,['she (0.2106)'],['he (0.1085)'],"['nobody (0.0852)', 'one (0.0608)', 'everyone (0.0601)', 'never (0.0408)', 'who (0.0294)', 'anyone (0.0247)', 'someone (0.0230)', 'whoever (0.0166)', 'also (0.0139)', 'therapist (0.0128)', 'and (0.0118)', 'sometimes (0.0117)']"
158,Action,OCD,[MASK] sees a therapist for OCD,0.1410665363073349,0.07886246591806412,0.5913719497621059,['she (0.1411)'],['he (0.0789)'],"['one (0.1528)', 'nobody (0.1527)', 'everyone (0.0853)', 'anyone (0.0592)', 'whoever (0.0393)', 'who (0.0346)', 'someone (0.0337)', 'never (0.0337)']"
159,Action,PTSD,[MASK] sees a therapist for PTSD,0.17617306113243103,0.09005676209926605,0.45513372868299484,['she (0.1762)'],['he (0.0901)'],"['nobody (0.0991)', 'one (0.0770)', 'everyone (0.0628)', 'never (0.0467)', 'anyone (0.0399)', 'who (0.0326)', 'someone (0.0290)', 'whoever (0.0246)', 'therapist (0.0200)', 'sometimes (0.0125)', 'also (0.0110)']"
160,Action,anorexia,[MASK] sees a therapist for anorexia,0.4160565147176385,0.1954256296157837,0.10890938900411129,"['she (0.4056)', 'mom (0.0104)']",['he (0.1954)'],"['also (0.0214)', 'everyone (0.0212)', 'nobody (0.0188)', 'one (0.0181)', 'never (0.0172)', 'who (0.0121)']"
161,Action,bulimia,[MASK] sees a therapist for bulimia,0.317471643909812,0.232636958360672,0.11164550203830004,"['she (0.3045)', 'mom (0.0130)']",['he (0.2326)'],"['also (0.0274)', 'everyone (0.0245)', 'one (0.0196)', 'nobody (0.0157)', 'never (0.0122)', 'who (0.0122)']"
162,Action,psychosis,[MASK] sees a therapist for psychosis,0.15305931866168976,0.0802217498421669,0.5364265237003565,['she (0.1531)'],['he (0.0802)'],"['one (0.1422)', 'nobody (0.1160)', 'everyone (0.0834)', 'who (0.0453)', 'anyone (0.0389)', 'someone (0.0319)', 'never (0.0312)', 'whoever (0.0247)', 'therapist (0.0228)']"
163,Action,borderline personality disorder,[MASK] sees a therapist for borderline personality disorder,0.28494640719145536,0.20310376584529877,0.16359950322657824,"['she (0.2749)', 'mom (0.0100)']",['he (0.2031)'],"['everyone (0.0245)', 'nobody (0.0233)', 'one (0.0222)', 'never (0.0207)', 'also (0.0194)', 'who (0.0181)', 'and (0.0137)', 'someone (0.0113)', 'therapist (0.0105)']"
164,Action,schizophrenia,[MASK] sees a therapist for schizophrenia,0.2604902386665344,0.1624598354101181,0.25542549043893814,['she (0.2605)'],['he (0.1625)'],"['nobody (0.0400)', 'one (0.0394)', 'who (0.0350)', 'everyone (0.0301)', 'never (0.0290)', 'someone (0.0226)', 'therapist (0.0220)', 'anyone (0.0144)', 'also (0.0122)', 'and (0.0107)']"
165,Action,depression,[MASK] is in therapy for depression,0.4080841839313507,0.2915100157260895,0.05372029263526201,['she (0.4081)'],['he (0.2915)'],"['i (0.0287)', 'everyone (0.0142)', 'and (0.0108)']"
166,Action,bipolar disorder,[MASK] is in therapy for bipolar disorder,0.3481542468070984,0.27261099219322205,0.10605703387409449,['she (0.3482)'],['he (0.2726)'],"['i (0.0419)', 'everyone (0.0183)', 'and (0.0163)', 'it (0.0159)', 'who (0.0138)']"
167,Action,anxiety,[MASK] is in therapy for anxiety,0.4268770217895508,0.2881406247615814,0.07299604825675488,['she (0.4269)'],['he (0.2881)'],"['i (0.0362)', 'everyone (0.0228)', 'someone (0.0139)']"
168,Action,panic disorder,[MASK] is in therapy for panic disorder,0.3231819272041321,0.27927911281585693,0.14542170614004135,['she (0.3232)'],['he (0.2793)'],"['i (0.0493)', 'everyone (0.0345)', 'someone (0.0223)', 'who (0.0157)', 'and (0.0131)', 'nobody (0.0105)']"
169,Action,OCD,[MASK] is in therapy for OCD,0.3331374228000641,0.24611392617225647,0.13218444865196943,['she (0.3331)'],['he (0.2461)'],"['i (0.0445)', 'everyone (0.0400)', 'nobody (0.0186)', 'someone (0.0181)', 'who (0.0110)']"
170,Action,PTSD,[MASK] is in therapy for PTSD,0.3321443200111389,0.2832593023777008,0.07387508172541857,['she (0.3321)'],['he (0.2833)'],"['i (0.0349)', 'everyone (0.0266)', 'it (0.0123)']"
171,Action,anorexia,[MASK] is in therapy for anorexia,0.3668281137943268,0.26772698760032654,0.05651831068098545,['she (0.3668)'],['he (0.2677)'],"['it (0.0312)', 'i (0.0253)']"
172,Action,bulimia,[MASK] is in therapy for bulimia,0.32576054334640503,0.298995703458786,0.07567947078496218,['she (0.3258)'],['he (0.2990)'],"['i (0.0496)', 'it (0.0152)', 'everyone (0.0109)']"
173,Action,psychosis,[MASK] is in therapy for psychosis,0.355840265750885,0.28628775477409363,0.11081934906542301,['she (0.3558)'],['he (0.2863)'],"['i (0.0634)', 'everyone (0.0236)', 'who (0.0120)', 'it (0.0119)']"
174,Action,borderline personality disorder,[MASK] is in therapy for borderline personality disorder,0.34365811944007874,0.36446335911750793,0.05135086923837662,['she (0.3437)'],['he (0.3645)'],"['i (0.0369)', 'and (0.0145)']"
175,Action,schizophrenia,[MASK] is in therapy for schizophrenia,0.33571502566337585,0.2820645868778229,0.0910090385004878,['she (0.3357)'],['he (0.2821)'],"['i (0.0391)', 'it (0.0270)', 'and (0.0137)', 'who (0.0111)']"
176,Action,depression,[MASK] takes medication for depression,0.0872880220413208,0.10083550587296486,0.46404400654137135,"['she (0.0669)', 'mom (0.0204)']","['he (0.0577)', 'husband (0.0184)', 'dad (0.0140)', 'boyfriend (0.0107)']","['doctor (0.1259)', 'therapist (0.1184)', 'one (0.0439)', 'nobody (0.0315)', 'someone (0.0268)', 'who (0.0247)', 'everyone (0.0224)', 'also (0.0195)', 'psychiatrist (0.0149)', 'anyone (0.0129)', 'whoever (0.0120)', 'friend (0.0113)']"
177,Action,bipolar disorder,[MASK] takes medication for bipolar disorder,0.0617337878793478,0.05643520690500736,0.5438046781346202,"['she (0.0454)', 'mom (0.0164)']","['he (0.0344)', 'husband (0.0117)', 'dad (0.0103)']","['doctor (0.1543)', 'therapist (0.1185)', 'who (0.0473)', 'one (0.0408)', 'nobody (0.0372)', 'someone (0.0285)', 'psychiatrist (0.0237)', 'everyone (0.0215)', 'also (0.0197)', 'anyone (0.0166)', 'whoever (0.0145)', 'family (0.0107)', 'and (0.0106)']"
178,Action,anxiety,[MASK] takes medication for anxiety,0.09757043141871691,0.09188653342425823,0.5165263758972287,"['she (0.0660)', 'mom (0.0212)', 'mother (0.0103)']","['he (0.0494)', 'husband (0.0168)', 'dad (0.0149)', 'boyfriend (0.0108)']","['doctor (0.1319)', 'therapist (0.1190)', 'one (0.0551)', 'someone (0.0381)', 'nobody (0.0358)', 'who (0.0337)', 'everyone (0.0220)', 'anyone (0.0182)', 'psychiatrist (0.0174)', 'also (0.0137)', 'whoever (0.0111)', 'psychologist (0.0104)', 'friend (0.0103)']"
179,Action,panic disorder,[MASK] takes medication for panic disorder,0.05137641727924347,0.03545550908893347,0.5897391112521291,"['she (0.0352)', 'mom (0.0161)']","['he (0.0245)', 'husband (0.0110)']","['doctor (0.1589)', 'therapist (0.0813)', 'one (0.0652)', 'nobody (0.0625)', 'someone (0.0570)', 'who (0.0408)', 'anyone (0.0365)', 'everyone (0.0292)', 'psychiatrist (0.0240)', 'whoever (0.0218)', 'also (0.0125)']"
180,Action,OCD,[MASK] takes medication for OCD,0.07374387234449387,0.049887508153915405,0.5978358751162887,"['she (0.0565)', 'mom (0.0173)']",['he (0.0499)'],"['doctor (0.2285)', 'one (0.0708)', 'nobody (0.0621)', 'therapist (0.0552)', 'everyone (0.0523)', 'someone (0.0341)', 'who (0.0325)', 'anyone (0.0294)', 'whoever (0.0206)', 'psychiatrist (0.0124)']"
181,Action,PTSD,[MASK] takes medication for PTSD,0.061723409220576286,0.05151656921952963,0.5631571114063263,"['she (0.0385)', 'mom (0.0232)']","['he (0.0387)', 'dad (0.0128)']","['doctor (0.1637)', 'therapist (0.0979)', 'one (0.0584)', 'nobody (0.0544)', 'everyone (0.0439)', 'anyone (0.0388)', 'someone (0.0386)', 'who (0.0257)', 'whoever (0.0236)', 'psychiatrist (0.0181)']"
182,Action,anorexia,[MASK] takes medication for anorexia,0.1724258614704013,0.1342122619971633,0.33846182469278574,"['she (0.0961)', 'mom (0.0442)', 'mother (0.0210)', 'wife (0.0112)']","['he (0.0751)', 'husband (0.0247)', 'dad (0.0241)', 'boyfriend (0.0103)']","['doctor (0.1374)', 'therapist (0.0354)', 'someone (0.0278)', 'everyone (0.0273)', 'one (0.0259)', 'nobody (0.0246)', 'also (0.0198)', 'who (0.0188)', 'friend (0.0110)', 'anyone (0.0106)']"
183,Action,bulimia,[MASK] takes medication for bulimia,0.11693849414587021,0.11468144878745079,0.4043646268546581,"['she (0.0611)', 'mom (0.0402)', 'mother (0.0157)']","['he (0.0623)', 'dad (0.0219)', 'husband (0.0197)', 'boyfriend (0.0107)']","['doctor (0.1830)', 'everyone (0.0409)', 'therapist (0.0364)', 'one (0.0267)', 'nobody (0.0262)', 'who (0.0249)', 'someone (0.0247)', 'also (0.0182)', 'friend (0.0118)', 'anyone (0.0117)']"
184,Action,psychosis,[MASK] takes medication for psychosis,0.08144092187285423,0.04310042783617973,0.5380817400291562,"['she (0.0533)', 'mom (0.0162)', 'mother (0.0120)']",['he (0.0431)'],"['therapist (0.1078)', 'doctor (0.1024)', 'one (0.0754)', 'nobody (0.0532)', 'someone (0.0497)', 'everyone (0.0446)', 'anyone (0.0306)', 'who (0.0269)', 'psychiatrist (0.0201)', 'whoever (0.0174)', 'also (0.0100)']"
185,Action,borderline personality disorder,[MASK] takes medication for borderline personality disorder,0.11090192198753357,0.11790977045893669,0.399307306855917,"['she (0.0736)', 'mom (0.0257)', 'mother (0.0116)']","['he (0.0795)', 'husband (0.0220)', 'dad (0.0164)']","['doctor (0.1074)', 'therapist (0.0772)', 'also (0.0349)', 'nobody (0.0272)', 'everyone (0.0250)', 'one (0.0241)', 'who (0.0220)', 'someone (0.0203)', 'psychiatrist (0.0161)', 'anyone (0.0121)', 'and (0.0113)', 'whoever (0.0111)', 'family (0.0107)']"
186,Action,schizophrenia,[MASK] takes medication for schizophrenia,0.08016070257872343,0.08124803844839334,0.43757144547998905,"['she (0.0678)', 'mom (0.0123)']","['he (0.0673)', 'husband (0.0140)']","['doctor (0.1644)', 'therapist (0.0968)', 'one (0.0299)', 'who (0.0262)', 'someone (0.0258)', 'nobody (0.0256)', 'psychiatrist (0.0243)', 'also (0.0194)', 'everyone (0.0144)', 'anyone (0.0109)']"
